<?xml version="1.0" encoding="UTF-8"?><metadata>
    <idinfo>
        <citation>
            <citeinfo>
                <title>HsgMarketStudy_Typologies</title>
                <geoform>vector digital data</geoform>
            </citeinfo>
        </citation>
        <descript>
            <abstract>DisclaimerBefore using this layer, please review the 2018 Rochester Citywide Housing Market Study for the full background and context that is required for interpreting and portraying this data. Please click here to access the study.  Please also note that the housing market typologies were based on analysis of property data from 2008 to 2018, and is a snapshot of market conditions within that time frame. For an accurate depiction of current housing market typologies, this analysis would need to be redone with the latest available data.About the DataThis is a polygon feature layer containing the boundaries of all census blockgroups in the city of Rochester. Beyond the unique identifier fields including GEOID, the only other field is the housing market typology for that blockgroup.Information from the 2018 Housing Market Study- Housing Market TypologiesThe City of Rochester commissioned a Citywide Housing Market Study in 2018 as a technical study to inform development of the City's new Comprehensive Plan, Rochester 2034, and retained czb, LLC – a firm with national expertise based in Alexandria, VA – to perform the analysis.Any understanding of Rochester’s housing market – and any attempt to develop strategies to influence the market in ways likely to achieve community goals – must begin with recognition that market conditions in the city are highly uneven. On some blocks, competition for real estate is strong and expressed by pricing and investment levels that are above city averages. On other blocks, private demand is much lower and expressed by above average levels of disinvestment and physical distress. Still other blocks are in the middle – both in terms of condition of housing and prevailing prices. These block-by-block differences are obvious to most residents and shape their options, preferences, and actions as property owners and renters. Importantly, these differences shape the opportunities and challenges that exist in each neighborhood, the types of policy and investment tools to utilize in response to specific needs, and the level and range of available resources, both public and private, to meet those needs. The City of Rochester has long recognized that a one-size-fits-all approach to housing and neighborhood strategy is inadequate in such a diverse market environment and that is no less true today. To concisely describe distinct market conditions and trends across the city in this study, a Housing Market Typology was developed using a wide range of indicators to gauge market health and investment behaviors. This section of the Citywide Housing Market Study introduces the typology and its components. In later sections, the typology is used as a tool for describing and understanding demographic and economic patterns within the city, the implications of existing market patterns on strategy development, and how existing or potential policy and investment tools relate to market conditions.Overview of Housing Market Typology PurposeThe Housing Market Typology in this study is a tool for understanding recent market conditions and variations within Rochester and informing housing and neighborhood strategy development. As with any typology, it is meant to simplify complex information into a limited number of meaningful categories to guide action. Local context and knowledge remain critical to understanding market conditions and should always be used alongside the typology to maximize its usefulness.Geographic Unit of Analysis The Block Group – a geographic unit determined by the U.S. Census Bureau – is the unit of analysis for this typology, which utilizes parcel-level data. There are over 200 Block Groups in Rochester, most of which cover a small cluster of city blocks and are home to between 600 and 3,000 residents. For this tool, the Block Group provides geographies large enough to have sufficient data to analyze and small enough to reveal market variations within small areas.Four Components for CalculationAnalysis of multiple datasets led to the identification of four typology components that were most helpful in drawing out market variations within the city:•	Terms of Sale•	Market Strength•	Bank Foreclosures•	Property DistressThose components are described one-by-one on in the full study document (LINK), with detailed methodological descriptions provided in the Appendix.A Spectrum of Demand The four components were folded together to create the Housing Market Typology. The seven categories of the typology describe a spectrum of housing demand – with lower scores indicating higher levels of demand, and higher scores indicating weaker levels of demand. Typology 1 are areas with the highest demand and strongest market, while typology 3 are the weakest markets. For more information please visit: https://www.cityofrochester.gov/HousingMarketStudy2018/</abstract>
            <purpose>2018 City Housing Market Study Blockgroup Typologies</purpose>
        </descript>
        <keywords>
            <theme>
                <themekt>None</themekt>
                <themekey>Housing</themekey>
                <themekey>Market</themekey>
                <themekey>Real Estate</themekey>
                <themekey>Demand</themekey>
                <themekey>Supply</themekey>
                <themekey>2018</themekey>
            </theme>
        </keywords>
        <accconst>None</accconst>
        <useconst>This data was made available by the City of Rochester, NY for public use. For details, please see the DataROC Terms of Use page here: https://data.cityofrochester.gov/pages/terms</useconst>
        <datacred>czb LLC,
City of Rochester
Department of Neighborhood and Business Development</datacred>
        <native>Esri ArcGIS 12.4.2.19948</native>
    </idinfo>
    <spdoinfo>
        <direct>Vector</direct>
        <ptvctinf>
            <sdtsterm>
                <sdtstype>GT-polygon composed of chains</sdtstype>
                <ptvctcnt>0</ptvctcnt>
            </sdtsterm>
        </ptvctinf>
    </spdoinfo>
    <eainfo>
        <detailed>
            <enttyp>
                <enttypl>HsgMarketStudy_Typologies</enttypl>
            </enttyp>
            <attr>
                <attrlabl>OBJECTID_1</attrlabl>
                <attrdef>Internal feature number.</attrdef>
                <attrdefs>Esri</attrdefs>
                <attrdomv>
                                        
                    <udom>Sequential unique whole numbers that are automatically generated.</udom>
                                    
                </attrdomv>
            </attr>
            <attr>
                <attrlabl>Shape</attrlabl>
                <attrdef>Feature geometry.</attrdef>
                <attrdefs>Esri</attrdefs>
                <attrdomv>
                                        
                    <udom>Coordinates defining the features.</udom>
                                    
                </attrdomv>
            </attr>
            <attr>
                <attrlabl>OBJECTID</attrlabl>
            </attr>
            <attr>
                <attrlabl>STATEFP10</attrlabl>
            </attr>
            <attr>
                <attrlabl>COUNTYFP10</attrlabl>
            </attr>
            <attr>
                <attrlabl>TRACTCE10</attrlabl>
            </attr>
            <attr>
                <attrlabl>BLKGRPCE10</attrlabl>
            </attr>
            <attr>
                <attrlabl>GEOID10</attrlabl>
            </attr>
            <attr>
                <attrlabl>NAMELSAD10</attrlabl>
            </attr>
            <attr>
                <attrlabl>MTFCC10</attrlabl>
            </attr>
            <attr>
                <attrlabl>FUNCSTAT10</attrlabl>
            </attr>
            <attr>
                <attrlabl>ALAND10</attrlabl>
            </attr>
            <attr>
                <attrlabl>AWATER10</attrlabl>
            </attr>
            <attr>
                <attrlabl>INTPTLAT10</attrlabl>
            </attr>
            <attr>
                <attrlabl>INTPTLON10</attrlabl>
            </attr>
            <attr>
                <attrlabl>STATEFP1_1</attrlabl>
            </attr>
            <attr>
                <attrlabl>COUNTYFP_1</attrlabl>
            </attr>
            <attr>
                <attrlabl>TRACTCE1_1</attrlabl>
            </attr>
            <attr>
                <attrlabl>BLKGRPCE_1</attrlabl>
            </attr>
            <attr>
                <attrlabl>GEOID10_1</attrlabl>
            </attr>
            <attr>
                <attrlabl>NAMELSAD_1</attrlabl>
            </attr>
            <attr>
                <attrlabl>MTFCC10_1</attrlabl>
            </attr>
            <attr>
                <attrlabl>FUNCSTAT_1</attrlabl>
            </attr>
            <attr>
                <attrlabl>ALAND10_1</attrlabl>
            </attr>
            <attr>
                <attrlabl>AWATER10_1</attrlabl>
            </attr>
            <attr>
                <attrlabl>INTPTLAT_1</attrlabl>
            </attr>
            <attr>
                <attrlabl>INTPTLON_1</attrlabl>
            </attr>
            <attr>
                <attrlabl>BLKGRP</attrlabl>
            </attr>
            <attr>
                <attrlabl>MaxZScore</attrlabl>
            </attr>
            <attr>
                <attrlabl>CMktStreng</attrlabl>
            </attr>
            <attr>
                <attrlabl>CPLisPende</attrlabl>
            </attr>
            <attr>
                <attrlabl>CProbsWeak</attrlabl>
            </attr>
            <attr>
                <attrlabl>MaxZScoreP</attrlabl>
            </attr>
            <attr>
                <attrlabl>CMktStre_1</attrlabl>
            </attr>
            <attr>
                <attrlabl>CPLisPen_1</attrlabl>
            </attr>
            <attr>
                <attrlabl>CProbsWe_1</attrlabl>
            </attr>
            <attr>
                <attrlabl>MaxZScor_1</attrlabl>
            </attr>
            <attr>
                <attrlabl>CMktStre_2</attrlabl>
            </attr>
            <attr>
                <attrlabl>CPLisPen_2</attrlabl>
            </attr>
            <attr>
                <attrlabl>CProbsWe_2</attrlabl>
            </attr>
            <attr>
                <attrlabl>TYPOLOGY</attrlabl>
            </attr>
            <attr>
                <attrlabl>BLKGRP_1</attrlabl>
            </attr>
            <attr>
                <attrlabl>MaxZScor_2</attrlabl>
            </attr>
            <attr>
                <attrlabl>CMktStre_3</attrlabl>
            </attr>
            <attr>
                <attrlabl>CPLisPen_3</attrlabl>
            </attr>
            <attr>
                <attrlabl>CProbsWe_3</attrlabl>
            </attr>
            <attr>
                <attrlabl>MaxZScor_3</attrlabl>
            </attr>
            <attr>
                <attrlabl>CMktStre_4</attrlabl>
            </attr>
            <attr>
                <attrlabl>CPLisPen_4</attrlabl>
            </attr>
            <attr>
                <attrlabl>CProbsWe_4</attrlabl>
            </attr>
            <attr>
                <attrlabl>MaxZScor_4</attrlabl>
            </attr>
            <attr>
                <attrlabl>CMktStre_5</attrlabl>
            </attr>
            <attr>
                <attrlabl>CPLisPen_5</attrlabl>
            </attr>
            <attr>
                <attrlabl>CProbsWe_5</attrlabl>
            </attr>
            <attr>
                <attrlabl>TYPOLOGYFi</attrlabl>
            </attr>
            <attr>
                <attrlabl>Shape_Leng</attrlabl>
            </attr>
            <attr>
                <attrlabl>Shape_Length</attrlabl>
                <attrdef>Length of feature in internal units.</attrdef>
                <attrdefs>Esri</attrdefs>
                <attrdomv>
                                        
                    <udom>Positive real numbers that are automatically generated.</udom>
                                    
                </attrdomv>
            </attr>
            <attr>
                <attrlabl>Shape_Area</attrlabl>
                <attrdef>Area of feature in internal units squared.</attrdef>
                <attrdefs>Esri</attrdefs>
                <attrdomv>
                                        
                    <udom>Positive real numbers that are automatically generated.</udom>
                                    
                </attrdomv>
            </attr>
        </detailed>
    </eainfo>
    <metainfo>
        <metd>20200214</metd>
        <metstdn>FGDC Content Standard for Digital Geospatial Metadata</metstdn>
        <metstdv>FGDC-STD-001-1998</metstdv>
        <mettc>local time</mettc>
    </metainfo>
</metadata>
